event_id,event_name,event_url,status_code,start_date,segment,genre,subgenre,venue_name,venue_city,venue_state,venue_country,venue_lat,venue_lon,venue_upcoming_events,venue_market_name,promoter_name,artist_name,artist_num_links,artist_num_images,price_min,price_max,offers_exist,seatmap_exists
1A9ZkGNGkd4B4qR,Eagles Live at Sphere,https://www.ticketmaster.com/eagles-live-at-sphere-las-vegas-nevada-01-23-2026/event/17006323D5E9576F,onsale,2026-01-23,Music,Rock,Pop,Sphere,Las Vegas,NV,US,36.12072670,-115.16428960,844.0,Las Vegas,LIVE NATION MUSIC,Eagles,10,11,,,0,1
1A9ZkGNGkd4BPqg,Eagles Live at Sphere,https://www.ticketmaster.com/eagles-live-at-sphere-las-vegas-nevada-01-24-2026/event/17006323D5EA5775,onsale,2026-01-24,Music,Rock,Pop,Sphere,Las Vegas,NV,US,36.12072670,-115.16428960,844.0,Las Vegas,LIVE NATION MUSIC,Eagles,10,11,,,0,1
1A9ZkGNGkd4BPqy,Eagles Live at Sphere,https://www.ticketmaster.com/eagles-live-at-sphere-las-vegas-nevada-01-30-2026/event/17006323D5EA5779,onsale,2026-01-30,Music,Rock,Pop,Sphere,Las Vegas,NV,US,36.12072670,-115.16428960,844.0,Las Vegas,LIVE NATION MUSIC,Eagles,10,11,,,0,1
1A9ZkGNGkd4BPqH,Eagles Live at Sphere,https://www.ticketmaster.com/eagles-live-at-sphere-las-vegas-nevada-01-31-2026/event/17006323D5EA577C,onsale,2026-01-31,Music,Rock,Pop,Sphere,Las Vegas,NV,US,36.12072670,-115.16428960,844.0,Las Vegas,LIVE NATION MUSIC,Eagles,10,11,,,0,1
1A9ZkGNGkd4BgrZ,Eagles Live at Sphere,https://www.ticketmaster.com/eagles-live-at-sphere-las-vegas-nevada-02-20-2026/event/17006323D5EB5780,onsale,2026-02-20,Music,Rock,Pop,Sphere,Las Vegas,NV,US,36.12072670,-115.16428960,844.0,Las Vegas,LIVE NATION MUSIC,Eagles,10,11,,,0,1
1A9ZkGNGkd4Bgr7,Eagles Live at Sphere,https://www.ticketmaster.com/eagles-live-at-sphere-las-vegas-nevada-02-21-2026/event/17006323D5EB5784,onsale,2026-02-21,Music,Rock,Pop,Sphere,Las Vegas,NV,US,36.12072670,-115.16428960,844.0,Las Vegas,LIVE NATION MUSIC,Eagles,10,11,,,0,1
1A9ZkGNGkd4Bgr6,Eagles Live at Sphere,https://www.ticketmaster.com/eagles-live-at-sphere-las-vegas-nevada-02-27-2026/event/17006323D5EB5787,onsale,2026-02-27,Music,Rock,Pop,Sphere,Las Vegas,NV,US,36.12072670,-115.16428960,844.0,Las Vegas,LIVE NATION MUSIC,Eagles,10,11,,,0,1
1A9ZkGNGkd4DAr5,Eagles Live at Sphere,https://www.ticketmaster.com/eagles-live-at-sphere-las-vegas-nevada-02-28-2026/event/17006323D5EC578B,onsale,2026-02-28,Music,Rock,Pop,Sphere,Las Vegas,NV,US,36.12072670,-115.16428960,844.0,Las Vegas,LIVE NATION MUSIC,Eagles,10,11,,,0,1
1A9ZkGNGkd4DAr4,Eagles Live at Sphere,https://www.ticketmaster.com/eagles-live-at-sphere-las-vegas-nevada-03-20-2026/event/17006323D5EC5795,onsale,2026-03-20,Music,Rock,Pop,Sphere,Las Vegas,NV,US,36.12072670,-115.16428960,844.0,Las Vegas,LIVE NATION MUSIC,Eagles,10,11,,,0,1
1A9ZkGNGkd4DArO,Eagles Live at Sphere,https://www.ticketmaster.com/eagles-live-at-sphere-las-vegas-nevada-03-21-2026/event/17006323D5EC57A0,onsale,2026-03-21,Music,Rock,Pop,Sphere,Las Vegas,NV,US,36.12072670,-115.16428960,844.0,Las Vegas,LIVE NATION MUSIC,Eagles,10,11,,,0,1
1A9ZkGNGkd4DALJ,Eagles Live at Sphere,https://www.ticketmaster.com/eagles-live-at-sphere-las-vegas-nevada-03-27-2026/event/17006323D5EC57E6,onsale,2026-03-27,Music,Rock,Pop,Sphere,Las Vegas,NV,US,36.12072670,-115.16428960,844.0,Las Vegas,LIVE NATION MUSIC,Eagles,10,11,,,0,1
1A9ZkGNGkdMYkxj,Eagles Live at Sphere,https://www.ticketmaster.com/eagles-live-at-sphere-las-vegas-nevada-03-28-2026/event/17006323F7C0689C,onsale,2026-03-28,Music,Rock,Pop,Sphere,Las Vegas,NV,US,36.12072670,-115.16428960,844.0,Las Vegas,LIVE NATION MUSIC,Eagles,10,11,,,0,1
vvG10Zbl329onB,"The O'Jays, The Spinners, The Commodores,The Chi-Lites & Sister Sledge",https://www.ticketmaster.com/the-ojays-the-spinners-the-commodoresthe-ontario-california-12-05-2025/event/090062B48F5D1ABA,rescheduled,2025-12-05,Music,R&B,R&B,Toyota Arena,Ontario,CA,US,34.07532900,-117.56636400,40.0,Los Angeles,PROMOTED BY VENUE,The O'Jays,8,10,,,0,1
vvG1VZbYNASwCV,The Spinners,https://www.ticketmaster.com/the-spinners-immokalee-florida-01-09-2026/event/0D006308C5CF23B4,onsale,2026-01-09,Music,R&B,R&B,Seminole Center,Immokalee,FL,US,26.41064100,-81.41649800,15.0,Tampa,,The Spinners,8,11,,,0,1
vv17FZbgGkmz9tP3,The Spinners Ticket + Hotel Deals,https://travel.ticketmaster.com/event/10299247?_uid=01e06df2-8b31-4246-b25c-04d738f89509&utm_source=Caesars_TM&utm_medium=TM_ADP_TheSpinners,onsale,2026-04-23,Music,R&B,R&B,Tropicana Showroom at Tropicana Atlantic City,Atlantic City,NJ,US,39.35258500,-74.44489300,39.0,Philadelphia,PROMOTED BY VENUE,The Spinners,8,11,,,0,0
vv1AeZkG6GkdZg7PN,The Spinners,https://www.ticketmaster.com/the-spinners-atlantic-city-new-jersey-04-23-2026/event/02006307C0D44963,onsale,2026-04-23,Music,R&B,R&B,Tropicana Showroom at Tropicana Atlantic City,Atlantic City,NJ,US,39.35258500,-74.44489300,39.0,Philadelphia,PROMOTED BY VENUE,The Spinners,8,11,,,0,0
Z7r9jZ1A7pdPg,Coachella Music Festival,https://www.ticketmaster.com/event/Z7r9jZ1A7pdPg,onsale,2026-04-10,Miscellaneous,Fairs & Festivals,,Empire Polo Club,Indio,CA,US,33.726898000,-116.236099000,,,,Coachella Valley Music and Arts Festival,5,10,,,0,1
Z7r9jZ1A7jxZk,Coachella Music Festival,https://www.ticketmaster.com/event/Z7r9jZ1A7jxZk,onsale,2026-04-17,Miscellaneous,Fairs & Festivals,,Empire Polo Club,Indio,CA,US,33.726898000,-116.236099000,,,,Coachella Valley Music and Arts Festival,5,10,,,0,1
vvG1zZbmLu1w-g,Lady A: This Winter's Night Tour 2025,https://www.ticketmaster.com/lady-a-this-winters-night-tour-atlanta-georgia-12-05-2025/event/0E0062E7CD2B2875,onsale,2025-12-05,Music,Country,Country,Atlanta Symphony Hall,Atlanta,GA,US,33.79009800,-84.38549300,93.0,Atlanta,ATLANTA SYMPHONY,Lady A,9,11,,,0,1
Z7r9jZ1A7ra7K,Lady A,https://www.ticketmaster.com/event/Z7r9jZ1A7ra7K,onsale,2025-12-06,Music,Country,Country Folk,Ruth Eckerd Hall,Clearwater,FL,US,27.981199000,-82.715599000,2.0,,,Lady A,9,11,,,0,1
Z7r9jZ1A7_MvO,Lady A,https://www.ticketmaster.com/event/Z7r9jZ1A7_MvO,onsale,2025-12-10,Music,Country,Country Folk,Texas Trust CU Theatre,Grand Prairie,TX,US,32.773998000,-97.005203000,,,,Lady A,9,11,,,0,1
vvG18ZbcJ5WoQP,Lady A: This Winter's Night Tour 2025,https://www.ticketmaster.com/lady-a-this-winters-night-tour-rockford-illinois-12-12-2025/event/040062D98BF516A5,onsale,2025-12-12,Music,Country,Country,Coronado Theatre,Rockford,IL,US,42.27392600,-89.09300100,48.0,Chicagoland and Northern Il,LIVE NATION MUSIC,Lady A,9,11,,,0,1
vv1A6Zk1dGkdTBg4Y,Lady A,https://www.ticketmaster.com/lady-a-waukegan-illinois-12-13-2025/event/07006283FFEB5570,onsale,2025-12-13,Music,Country,Country,Genesee Theatre,Waukegan,IL,US,42.36276392,-87.83083839,33.0,Chicagoland and Northern Il,PROMOTED BY VENUE,Lady A,9,11,,,0,1
vvG1bZbmlcD0Vx,Lady A: This Winter's Night Tour 2025,https://www.ticketmaster.com/lady-a-this-winters-night-tour-welch-minnesota-12-14-2025/event/060062EAEDEE4D22,onsale,2025-12-14,Music,Country,Country,Treasure Island Resort & Casino,Welch,MN,US,44.57440840,-92.71827280,10.0,Minneapolis/St. Paul and More,PROMOTED BY VENUE,Lady A,9,11,,,0,1
vvG1fZbcK0yJRG,Lady A: This Winter's Night Tour 2025,https://www.ticketmaster.com/lady-a-this-winters-night-tour-french-lick-indiana-12-19-2025/event/050062D4E4E66BCC,onsale,2025-12-19,Music,Country,Country,The Exhibition Hall at French Lick Resort,French Lick,IN,US,38.55210230,-86.61950960,3.0,Louisville and Lexington,,Lady A,9,11,,,0,1
Z7r9jZ1A7_ajI,Lady A,https://www.ticketmaster.com/event/Z7r9jZ1A7_ajI,onsale,2025-12-21,Music,Country,Country Folk,Ryman Auditorium,Nashville,TN,US,36.167198000,-86.783997000,30.0,,,Lady A,9,11,,,0,0
Z7r9jZ1A7_ajE,Lady A,https://www.ticketmaster.com/event/Z7r9jZ1A7_ajE,onsale,2025-12-22,Music,Country,Country Folk,Ryman Auditorium,Nashville,TN,US,36.167198000,-86.783997000,30.0,,,Lady A,9,11,,,0,0
Z7r9jZ1A7_ajt,Lady A,https://www.ticketmaster.com/event/Z7r9jZ1A7_ajt,onsale,2025-12-23,Music,Country,Country Folk,Ryman Auditorium,Nashville,TN,US,36.167198000,-86.783997000,30.0,,,Lady A,9,11,,,0,0
vvG1IZbUz-qOrV,Lady A,https://www.ticketmaster.com/lady-a-alpine-california-03-19-2026/event/0A00636E217607B4,onsale,2026-03-19,Music,Country,Country,Viejas Casino & Resort - Concerts in the Park,Alpine,CA,US,32.84133400,-116.70498290,1.0,San Diego,PROMOTED BY VENUE,Lady A,9,11,,,0,1
vv1AeZkuvGkdC-U_1,Wicked: For Good - The IMAX Experience,https://www.ticketmaster.com/wicked-for-good-the-imax-experience-atlantic-city-new-jersey-11-26-2025/event/02006341CE87664A,offsale,2025-11-26,Film,Music,Music,IMAX THEATRE at TROPICANA,Atlantic City,NJ,US,39.40614310,-74.44554510,95.0,Philadelphia,PROMOTED BY VENUE,Wicked For Good,0,10,,,0,1
vv1AeZkuvGkdCNk_9,Wicked: For Good - The IMAX Experience,https://www.ticketmaster.com/wicked-for-good-the-imax-experience-atlantic-city-new-jersey-11-27-2025/event/02006341CE8C6657,onsale,2025-11-27,Film,Music,Music,IMAX THEATRE at TROPICANA,Atlantic City,NJ,US,39.40614310,-74.44554510,95.0,Philadelphia,PROMOTED BY VENUE,Wicked For Good,0,10,,,0,1
vv1AeZkuvGkdCxU_3,Wicked: For Good - The IMAX Experience,https://www.ticketmaster.com/wicked-for-good-the-imax-experience-atlantic-city-new-jersey-11-27-2025/event/02006341CE8B6652,onsale,2025-11-27,Film,Music,Music,IMAX THEATRE at TROPICANA,Atlantic City,NJ,US,39.40614310,-74.44554510,95.0,Philadelphia,PROMOTED BY VENUE,Wicked For Good,0,10,,,0,1
vv1AeZkuvGkdCxp_u,Wicked: For Good - The IMAX Experience,https://www.ticketmaster.com/wicked-for-good-the-imax-experience-atlantic-city-new-jersey-11-26-2025/event/02006341CE89664D,onsale,2025-11-26,Film,Music,Music,IMAX THEATRE at TROPICANA,Atlantic City,NJ,US,39.40614310,-74.44554510,95.0,Philadelphia,PROMOTED BY VENUE,Wicked For Good,0,10,,,0,1
vv1AeZkuvGkdC0kQu,Wicked: For Good - The IMAX Experience,https://www.ticketmaster.com/wicked-for-good-the-imax-experience-atlantic-city-new-jersey-11-28-2025/event/02006341CE90668D,onsale,2025-11-28,Film,Music,Music,IMAX THEATRE at TROPICANA,Atlantic City,NJ,US,39.40614310,-74.44554510,95.0,Philadelphia,PROMOTED BY VENUE,Wicked For Good,0,10,,,0,1
vv1AeZkuvGkdCNJQ5,Wicked: For Good - The IMAX Experience,https://www.ticketmaster.com/wicked-for-good-the-imax-experience-atlantic-city-new-jersey-11-28-2025/event/02006341CE8E668B,onsale,2025-11-28,Film,Music,Music,IMAX THEATRE at TROPICANA,Atlantic City,NJ,US,39.40614310,-74.44554510,95.0,Philadelphia,PROMOTED BY VENUE,Wicked For Good,0,10,,,0,1
vv17jZbYGkRq4xWK,Wisconsin Chamber Orchestra: A Charlie Brown Christmas with Strings,https://www.ticketmaster.com/wisconsin-chamber-orchestra-a-charlie-brown-madison-wisconsin-11-29-2025/event/0700630BDD562F53,onsale,2025-11-29,Arts & Theatre,Music,Chamber Music,Orpheum Theater,Madison,WI,US,43.07523590,-89.38870800,23.0,Milwaukee and Wi,FRANK PRODUCTIONS,Wisconsin Chamber Orchestra,0,10,,,0,1
vv17jZbYGkUBn3Tb,Wisconsin Chamber Orchestra: A Charlie Brown Christmas with Strings,https://www.ticketmaster.com/wisconsin-chamber-orchestra-a-charlie-brown-madison-wisconsin-11-29-2025/event/0700630DBAA92FD8,onsale,2025-11-29,Arts & Theatre,Music,Chamber Music,Orpheum Theater,Madison,WI,US,43.07523590,-89.38870800,23.0,Milwaukee and Wi,FRANK PRODUCTIONS,Wisconsin Chamber Orchestra,0,10,,,0,1
vv1AeZkuvGkdC0JQf,Wicked: For Good - The IMAX Experience,https://www.ticketmaster.com/wicked-for-good-the-imax-experience-atlantic-city-new-jersey-11-29-2025/event/02006341CE926694,onsale,2025-11-29,Film,Music,Music,IMAX THEATRE at TROPICANA,Atlantic City,NJ,US,39.40614310,-74.44554510,95.0,Philadelphia,PROMOTED BY VENUE,Wicked For Good,0,10,,,0,1
vv1AeZkuvGkdCPkjE,Wicked: For Good - The IMAX Experience,https://www.ticketmaster.com/wicked-for-good-the-imax-experience-atlantic-city-new-jersey-11-29-2025/event/02006341CE946727,onsale,2025-11-29,Film,Music,Music,IMAX THEATRE at TROPICANA,Atlantic City,NJ,US,39.40614310,-74.44554510,95.0,Philadelphia,PROMOTED BY VENUE,Wicked For Good,0,10,,,0,1
vv1AeZkuvGkdCJkjW,Wicked: For Good - The IMAX Experience,https://www.ticketmaster.com/wicked-for-good-the-imax-experience-atlantic-city-new-jersey-11-30-2025/event/02006341CE98673D,onsale,2025-11-30,Film,Music,Music,IMAX THEATRE at TROPICANA,Atlantic City,NJ,US,39.40614310,-74.44554510,95.0,Philadelphia,PROMOTED BY VENUE,Wicked For Good,0,10,,,0,1
vv1AeZkuvGkdCPJjS,Wicked: For Good - The IMAX Experience,https://www.ticketmaster.com/wicked-for-good-the-imax-experience-atlantic-city-new-jersey-11-30-2025/event/02006341CE966733,onsale,2025-11-30,Film,Music,Music,IMAX THEATRE at TROPICANA,Atlantic City,NJ,US,39.40614310,-74.44554510,95.0,Philadelphia,PROMOTED BY VENUE,Wicked For Good,0,10,,,0,1
vv17FZbgGkRfHB_h,Wicked For Good - The IMAX Experience,https://www.ticketmaster.com/wicked-for-good-the-imax-experience-atlantic-city-new-jersey-12-03-2025/event/0200635BD4F3A65B,onsale,2025-12-03,Film,Music,Music,IMAX THEATRE at TROPICANA,Atlantic City,NJ,US,39.40614310,-74.44554510,95.0,Philadelphia,PROMOTED BY VENUE,Wicked For Good,0,10,,,0,1
vv17FZbgGkRfHQ_9,Wicked For Good - The IMAX Experience,https://www.ticketmaster.com/wicked-for-good-the-imax-experience-atlantic-city-new-jersey-12-03-2025/event/0200635BD4F1A657,onsale,2025-12-03,Film,Music,Music,IMAX THEATRE at TROPICANA,Atlantic City,NJ,US,39.40614310,-74.44554510,95.0,Philadelphia,PROMOTED BY VENUE,Wicked For Good,0,10,,,0,1
Z7r9jZ1A7pba7,Holiday Inn,https://www.ticketmaster.com/event/Z7r9jZ1A7pba7,onsale,2025-12-04,Arts & Theatre,Theatre,Musical,The Firehouse Theatre,Farmers Branch,TX,US,32.926201000,-96.886803000,,,,Holiday Inn,0,10,,,0,0
vv17FZbgGkRfWB_0,Wicked For Good - The IMAX Experience,https://www.ticketmaster.com/wicked-for-good-the-imax-experience-atlantic-city-new-jersey-12-04-2025/event/0200635BD4F7A664,onsale,2025-12-04,Film,Music,Music,IMAX THEATRE at TROPICANA,Atlantic City,NJ,US,39.40614310,-74.44554510,95.0,Philadelphia,PROMOTED BY VENUE,Wicked For Good,0,10,,,0,1
vv17FZbgGkRfWQ_q,Wicked For Good - The IMAX Experience,https://www.ticketmaster.com/wicked-for-good-the-imax-experience-atlantic-city-new-jersey-12-04-2025/event/0200635BD4F5A65D,onsale,2025-12-04,Film,Music,Music,IMAX THEATRE at TROPICANA,Atlantic City,NJ,US,39.40614310,-74.44554510,95.0,Philadelphia,PROMOTED BY VENUE,Wicked For Good,0,10,,,0,1
Z7r9jZ1A7pbaA,Holiday Inn,https://www.ticketmaster.com/event/Z7r9jZ1A7pbaA,onsale,2025-12-05,Arts & Theatre,Theatre,Musical,The Firehouse Theatre,Farmers Branch,TX,US,32.926201000,-96.886803000,,,,Holiday Inn,0,10,,,0,0
vv17FZbgGkRfXB_i,Wicked For Good - The IMAX Experience,https://www.ticketmaster.com/wicked-for-good-the-imax-experience-atlantic-city-new-jersey-12-05-2025/event/0200635BD4FBA66C,onsale,2025-12-05,Film,Music,Music,IMAX THEATRE at TROPICANA,Atlantic City,NJ,US,39.40614310,-74.44554510,95.0,Philadelphia,PROMOTED BY VENUE,Wicked For Good,0,10,,,0,1
vv17FZbgGkRfXQ_J,Wicked For Good - The IMAX Experience,https://www.ticketmaster.com/wicked-for-good-the-imax-experience-atlantic-city-new-jersey-12-05-2025/event/0200635BD4F9A666,onsale,2025-12-05,Film,Music,Music,IMAX THEATRE at TROPICANA,Atlantic City,NJ,US,39.40614310,-74.44554510,95.0,Philadelphia,PROMOTED BY VENUE,Wicked For Good,0,10,,,0,1
Z7r9jZ1A7pba6,Holiday Inn,https://www.ticketmaster.com/event/Z7r9jZ1A7pba6,onsale,2025-12-06,Arts & Theatre,Theatre,Musical,The Firehouse Theatre,Farmers Branch,TX,US,32.926201000,-96.886803000,,,,Holiday Inn,0,10,,,0,0
Z7r9jZ1A7pbak,Holiday Inn,https://www.ticketmaster.com/event/Z7r9jZ1A7pbak,onsale,2025-12-06,Arts & Theatre,Theatre,Musical,The Firehouse Theatre,Farmers Branch,TX,US,32.926201000,-96.886803000,,,,Holiday Inn,0,10,,,0,0
vv17FZbgGkRfTB_Y,Wicked For Good - The IMAX Experience,https://www.ticketmaster.com/wicked-for-good-the-imax-experience-atlantic-city-new-jersey-12-06-2025/event/0200635BD4FFA670,onsale,2025-12-06,Film,Music,Music,IMAX THEATRE at TROPICANA,Atlantic City,NJ,US,39.40614310,-74.44554510,95.0,Philadelphia,PROMOTED BY VENUE,Wicked For Good,0,10,,,0,1
vv17FZbgGkRfTQ_m,Wicked For Good - The IMAX Experience,https://www.ticketmaster.com/wicked-for-good-the-imax-experience-atlantic-city-new-jersey-12-06-2025/event/0200635BD4FDA66E,onsale,2025-12-06,Film,Music,Music,IMAX THEATRE at TROPICANA,Atlantic City,NJ,US,39.40614310,-74.44554510,95.0,Philadelphia,PROMOTED BY VENUE,Wicked For Good,0,10,,,0,1
Z7r9jZ1A7pbaF,Holiday Inn,https://www.ticketmaster.com/event/Z7r9jZ1A7pbaF,onsale,2025-12-07,Arts & Theatre,Theatre,Musical,The Firehouse Theatre,Farmers Branch,TX,US,32.926201000,-96.886803000,,,,Holiday Inn,0,10,,,0,0
vv17FZbgGkR4ZB_V,Wicked For Good - The IMAX Experience,https://www.ticketmaster.com/wicked-for-good-the-imax-experience-atlantic-city-new-jersey-12-07-2025/event/0200635BD503A674,onsale,2025-12-07,Film,Music,Music,IMAX THEATRE at TROPICANA,Atlantic City,NJ,US,39.40614310,-74.44554510,95.0,Philadelphia,PROMOTED BY VENUE,Wicked For Good,0,10,,,0,1
vv17FZbgGkR4ZQ_w,Wicked For Good - The IMAX Experience,https://www.ticketmaster.com/wicked-for-good-the-imax-experience-atlantic-city-new-jersey-12-07-2025/event/0200635BD501A672,onsale,2025-12-07,Film,Music,Music,IMAX THEATRE at TROPICANA,Atlantic City,NJ,US,39.40614310,-74.44554510,95.0,Philadelphia,PROMOTED BY VENUE,Wicked For Good,0,10,,,0,1
vv1AeZkubGkdV5yyO,Rolling Stones - At The Max - The IMAX Experience,https://www.ticketmaster.com/rolling-stones-at-the-max-the-atlantic-city-new-jersey-12-10-2025/event/02006358F42F9E60,onsale,2025-12-10,Film,Music,Music,IMAX THEATRE at TROPICANA,Atlantic City,NJ,US,39.40614310,-74.44554510,95.0,Philadelphia,PROMOTED BY VENUE,Rolling Stones - At the Max Documentary,1,10,,,0,1
vv1AeZkubGkdVG_yx,Rolling Stones - At The Max - The IMAX Experience,https://www.ticketmaster.com/rolling-stones-at-the-max-the-atlantic-city-new-jersey-12-10-2025/event/02006358F4319E62,onsale,2025-12-10,Film,Music,Music,IMAX THEATRE at TROPICANA,Atlantic City,NJ,US,39.40614310,-74.44554510,95.0,Philadelphia,PROMOTED BY VENUE,Rolling Stones - At the Max Documentary,1,10,,,0,1
vv1kFZbMfvG7RGxV,Wicked: For Good - The IMAX Experience,https://www.ticketmaster.com/wicked-for-good-the-imax-experience-atlantic-city-new-jersey-12-10-2025/event/0200637501BCC8B4,onsale,2025-12-10,Film,Music,Music,IMAX THEATRE at TROPICANA,Atlantic City,NJ,US,39.40614310,-74.44554510,95.0,Philadelphia,PROMOTED BY VENUE,Wicked For Good,0,10,,,0,1
Z7r9jZ1A7pbaa,Holiday Inn,https://www.ticketmaster.com/event/Z7r9jZ1A7pbaa,onsale,2025-12-11,Arts & Theatre,Theatre,Musical,The Firehouse Theatre,Farmers Branch,TX,US,32.926201000,-96.886803000,,,,Holiday Inn,0,10,,,0,0
vv1AeZkubGkdVGyyP,Rolling Stones - At The Max - The IMAX Experience,https://www.ticketmaster.com/rolling-stones-at-the-max-the-atlantic-city-new-jersey-12-11-2025/event/02006358F4339E65,onsale,2025-12-11,Film,Music,Music,IMAX THEATRE at TROPICANA,Atlantic City,NJ,US,39.40614310,-74.44554510,95.0,Philadelphia,PROMOTED BY VENUE,Rolling Stones - At the Max Documentary,1,10,,,0,1
vv1AeZkubGkdVu_yI,Rolling Stones - At The Max - The IMAX Experience,https://www.ticketmaster.com/rolling-stones-at-the-max-the-atlantic-city-new-jersey-12-11-2025/event/02006358F4359E68,onsale,2025-12-11,Film,Music,Music,IMAX THEATRE at TROPICANA,Atlantic City,NJ,US,39.40614310,-74.44554510,95.0,Philadelphia,PROMOTED BY VENUE,Rolling Stones - At the Max Documentary,1,10,,,0,1
vv1kFZbMfvG7Rjxy,Wicked: For Good - The IMAX Experience,https://www.ticketmaster.com/wicked-for-good-the-imax-experience-atlantic-city-new-jersey-12-11-2025/event/0200637501BDC8B9,onsale,2025-12-11,Film,Music,Music,IMAX THEATRE at TROPICANA,Atlantic City,NJ,US,39.40614310,-74.44554510,95.0,Philadelphia,PROMOTED BY VENUE,Wicked For Good,0,10,,,0,1
Z7r9jZ1A7pba8,Holiday Inn,https://www.ticketmaster.com/event/Z7r9jZ1A7pba8,onsale,2025-12-12,Arts & Theatre,Theatre,Musical,The Firehouse Theatre,Farmers Branch,TX,US,32.926201000,-96.886803000,,,,Holiday Inn,0,10,,,0,0
vv1AeZkubGkdVC_yR,Rolling Stones - At The Max - The IMAX Experience,https://www.ticketmaster.com/rolling-stones-at-the-max-the-atlantic-city-new-jersey-12-12-2025/event/02006358F4399E6F,onsale,2025-12-12,Film,Music,Music,IMAX THEATRE at TROPICANA,Atlantic City,NJ,US,39.40614310,-74.44554510,95.0,Philadelphia,PROMOTED BY VENUE,Rolling Stones - At the Max Documentary,1,10,,,0,1
vv1AeZkubGkdVuyyc,Rolling Stones - At The Max - The IMAX Experience,https://www.ticketmaster.com/rolling-stones-at-the-max-the-atlantic-city-new-jersey-12-12-2025/event/02006358F4379E6D,onsale,2025-12-12,Film,Music,Music,IMAX THEATRE at TROPICANA,Atlantic City,NJ,US,39.40614310,-74.44554510,95.0,Philadelphia,PROMOTED BY VENUE,Rolling Stones - At the Max Documentary,1,10,,,0,1
vv1kFZbMfvG7RHxX,Wicked: For Good - The IMAX Experience,https://www.ticketmaster.com/wicked-for-good-the-imax-experience-atlantic-city-new-jersey-12-12-2025/event/0200637501BFC8BE,onsale,2025-12-12,Film,Music,Music,IMAX THEATRE at TROPICANA,Atlantic City,NJ,US,39.40614310,-74.44554510,95.0,Philadelphia,PROMOTED BY VENUE,Wicked For Good,0,10,,,0,1
Z7r9jZ1A7pba3,Holiday Inn,https://www.ticketmaster.com/event/Z7r9jZ1A7pba3,onsale,2025-12-13,Arts & Theatre,Theatre,Musical,The Firehouse Theatre,Farmers Branch,TX,US,32.926201000,-96.886803000,,,,Holiday Inn,0,10,,,0,0
Z7r9jZ1A7pbao,Holiday Inn,https://www.ticketmaster.com/event/Z7r9jZ1A7pbao,onsale,2025-12-13,Arts & Theatre,Theatre,Musical,The Firehouse Theatre,Farmers Branch,TX,US,32.926201000,-96.886803000,,,,Holiday Inn,0,10,,,0,0
vv1AeZkubGkdV2_yS,Rolling Stones - At The Max - The IMAX Experience,https://www.ticketmaster.com/rolling-stones-at-the-max-the-atlantic-city-new-jersey-12-13-2025/event/02006358F43D9E73,onsale,2025-12-13,Film,Music,Music,IMAX THEATRE at TROPICANA,Atlantic City,NJ,US,39.40614310,-74.44554510,95.0,Philadelphia,PROMOTED BY VENUE,Rolling Stones - At the Max Documentary,1,10,,,0,1
vv1AeZkubGkdVCyys,Rolling Stones - At The Max - The IMAX Experience,https://www.ticketmaster.com/rolling-stones-at-the-max-the-atlantic-city-new-jersey-12-13-2025/event/02006358F43B9E71,onsale,2025-12-13,Film,Music,Music,IMAX THEATRE at TROPICANA,Atlantic City,NJ,US,39.40614310,-74.44554510,95.0,Philadelphia,PROMOTED BY VENUE,Rolling Stones - At the Max Documentary,1,10,,,0,1
vv1kFZbMfvG7YGNv,Wicked: For Good - The IMAX Experience,https://www.ticketmaster.com/wicked-for-good-the-imax-experience-atlantic-city-new-jersey-12-13-2025/event/0200637501C0C8C1,onsale,2025-12-13,Film,Music,Music,IMAX THEATRE at TROPICANA,Atlantic City,NJ,US,39.40614310,-74.44554510,95.0,Philadelphia,PROMOTED BY VENUE,Wicked For Good,0,10,,,0,1
G5vVZbVLwyeLW,85th Annual Winter Concert - QC Choral Society,https://www.ticketmaster.com/85th-annual-winter-concert-qc-choral-queens-new-york-12-14-2025/event/1D006347F2E427FD,onsale,2025-12-14,Arts & Theatre,Music,Chamber Music,Colden Auditorium at Kupferberg Center for the Arts,Queens,NY,US,40.73845600,-73.81634300,14.0,New York/Tri-State Area,PROMOTED BY VENUE,The Queens College Choral Society,0,11,,,0,1
Z7r9jZ1A7pbaK,Holiday Inn,https://www.ticketmaster.com/event/Z7r9jZ1A7pbaK,onsale,2025-12-14,Arts & Theatre,Theatre,Musical,The Firehouse Theatre,Farmers Branch,TX,US,32.926201000,-96.886803000,,,,Holiday Inn,0,10,,,0,0
vv1AeZkubGkdV2yyg,Rolling Stones - At The Max - The IMAX Experience,https://www.ticketmaster.com/rolling-stones-at-the-max-the-atlantic-city-new-jersey-12-14-2025/event/02006358F43F9E75,onsale,2025-12-14,Film,Music,Music,IMAX THEATRE at TROPICANA,Atlantic City,NJ,US,39.40614310,-74.44554510,95.0,Philadelphia,PROMOTED BY VENUE,Rolling Stones - At the Max Documentary,1,10,,,0,1
vv1AeZkubGkdV8_yM,Rolling Stones - At The Max - The IMAX Experience,https://www.ticketmaster.com/rolling-stones-at-the-max-the-atlantic-city-new-jersey-12-14-2025/event/02006358F4419E77,onsale,2025-12-14,Film,Music,Music,IMAX THEATRE at TROPICANA,Atlantic City,NJ,US,39.40614310,-74.44554510,95.0,Philadelphia,PROMOTED BY VENUE,Rolling Stones - At the Max Documentary,1,10,,,0,1
vv1kFZbMfvG7YjNd,Wicked: For Good - The IMAX Experience,https://www.ticketmaster.com/wicked-for-good-the-imax-experience-atlantic-city-new-jersey-12-14-2025/event/0200637501C1C8C3,onsale,2025-12-14,Film,Music,Music,IMAX THEATRE at TROPICANA,Atlantic City,NJ,US,39.40614310,-74.44554510,95.0,Philadelphia,PROMOTED BY VENUE,Wicked For Good,0,10,,,0,1
Z7r9jZ1A7pbaf,Holiday Inn,https://www.ticketmaster.com/event/Z7r9jZ1A7pbaf,onsale,2025-12-18,Arts & Theatre,Theatre,Musical,The Firehouse Theatre,Farmers Branch,TX,US,32.926201000,-96.886803000,,,,Holiday Inn,0,10,,,0,0
Z7r9jZ1A7pba4,Holiday Inn,https://www.ticketmaster.com/event/Z7r9jZ1A7pba4,onsale,2025-12-19,Arts & Theatre,Theatre,Musical,The Firehouse Theatre,Farmers Branch,TX,US,32.926201000,-96.886803000,,,,Holiday Inn,0,10,,,0,0
Z7r9jZ1A7pba9,Holiday Inn,https://www.ticketmaster.com/event/Z7r9jZ1A7pba9,onsale,2025-12-20,Arts & Theatre,Theatre,Musical,The Firehouse Theatre,Farmers Branch,TX,US,32.926201000,-96.886803000,,,,Holiday Inn,0,10,,,0,0
Z7r9jZ1A7pbap,Holiday Inn,https://www.ticketmaster.com/event/Z7r9jZ1A7pbap,onsale,2025-12-20,Arts & Theatre,Theatre,Musical,The Firehouse Theatre,Farmers Branch,TX,US,32.926201000,-96.886803000,,,,Holiday Inn,0,10,,,0,0
Z7r9jZ1A7pbab,Holiday Inn,https://www.ticketmaster.com/event/Z7r9jZ1A7pbab,onsale,2025-12-21,Arts & Theatre,Theatre,Musical,The Firehouse Theatre,Farmers Branch,TX,US,32.926201000,-96.886803000,,,,Holiday Inn,0,10,,,0,0
G5vYZbRNfP7lU,STOP MAKING SENSE: A Film by Jonathan Demme and Talking Heads,https://www.ticketmaster.com/stop-making-sense-a-film-by-napa-california-01-10-2026/event/1C0062F8D4944AF6,onsale,2026-01-10,Film,Music,Music,Uptown Theatre Napa,Napa,CA,US,38.29634650,-122.28736980,40.0,N. California/N. Nevada,,Stop Making Sense,0,11,,,0,1
vvG1fZbcez4Vy-,Indpls Chamber Orchestra: Shore Of The Sea With Tim Fain,https://www.ticketmaster.com/indpls-chamber-orchestra-shore-of-the-indianapolis-indiana-01-31-2026/event/050062D0B8574E61,onsale,2026-01-31,Arts & Theatre,Music,Chamber Music,Howard L. Schrott Center for the Arts,Indianapolis,IN,US,39.83203125,-86.17658997,24.0,Indianapolis and More,PROMOTED BY VENUE,Indianapolis Chamber Orchestra,0,11,,,0,1
Z7r9jZ1A7QpAI,Imani Winds,https://www.ticketmaster.com/event/Z7r9jZ1A7QpAI,onsale,2026-02-03,Music,Other,Other,Ruby Diamond Auditorium,Tallahassee,FL,US,30.440701000,-84.291397000,,,,Imani Winds,0,10,,,0,0
Z7r9jZ1A7_EAK,Mendelssohn Violin Concert Presented by Reno Philharmonic Orchestra,https://www.ticketmaster.com/event/Z7r9jZ1A7_EAK,onsale,2026-03-21,Music,Other,Other,Pioneer Center for the Performing Arts,Reno,NV,US,39.526299000,-119.812401000,,,,Reno Philharmonic Orchestra,0,10,,,0,0
Z7r9jZ1A7_EAf,Mendelssohn Violin Concert Presented by Reno Philharmonic Orchestra,https://www.ticketmaster.com/event/Z7r9jZ1A7_EAf,onsale,2026-03-22,Music,Other,Other,Pioneer Center for the Performing Arts,Reno,NV,US,39.526299000,-119.812401000,,,,Reno Philharmonic Orchestra,0,10,,,0,0
G5vVZbRhEiSh7,SO PERCUSSION UNPLUGGED,https://www.ticketmaster.com/so-percussion-unplugged-flushing-new-york-04-17-2026/event/1D0062F6E7B336C4,onsale,2026-04-17,Arts & Theatre,Music,Chamber Music,LeFrak Concert Hall at Kupferberg Center for the Arts,Flushing,NY,US,40.73847000,-73.81633000,3.0,New York/Tri-State Area,PROMOTED BY VENUE,Sō Percussion,0,11,,,0,1
Z7r9jZ1A7qvrb,Holiday Inn,https://www.ticketmaster.com/event/Z7r9jZ1A7qvrb,offsale,2026-11-20,Arts & Theatre,Theatre,Musical,The Tuacahn Amphitheatre,Ivins,UT,US,37.182899000,-113.647797000,,,,Holiday Inn,0,10,,,0,1
Z7r9jZ1A7qvr7,Holiday Inn,https://www.ticketmaster.com/event/Z7r9jZ1A7qvr7,offsale,2026-11-21,Arts & Theatre,Theatre,Musical,The Tuacahn Amphitheatre,Ivins,UT,US,37.182899000,-113.647797000,,,,Holiday Inn,0,10,,,0,1
Z7r9jZ1A7qvrf,Holiday Inn,https://www.ticketmaster.com/event/Z7r9jZ1A7qvrf,offsale,2026-11-23,Arts & Theatre,Theatre,Musical,The Tuacahn Amphitheatre,Ivins,UT,US,37.182899000,-113.647797000,,,,Holiday Inn,0,10,,,0,1
Z7r9jZ1A7qvqU,Holiday Inn,https://www.ticketmaster.com/event/Z7r9jZ1A7qvqU,offsale,2026-11-24,Arts & Theatre,Theatre,Musical,The Tuacahn Amphitheatre,Ivins,UT,US,37.182899000,-113.647797000,,,,Holiday Inn,0,10,,,0,1
Z7r9jZ1A7qvqM,Holiday Inn,https://www.ticketmaster.com/event/Z7r9jZ1A7qvqM,offsale,2026-11-25,Arts & Theatre,Theatre,Musical,The Tuacahn Amphitheatre,Ivins,UT,US,37.182899000,-113.647797000,,,,Holiday Inn,0,10,,,0,1
Z7r9jZ1A7qvro,Holiday Inn,https://www.ticketmaster.com/event/Z7r9jZ1A7qvro,offsale,2026-11-27,Arts & Theatre,Theatre,Musical,The Tuacahn Amphitheatre,Ivins,UT,US,37.182899000,-113.647797000,,,,Holiday Inn,0,10,,,0,1
Z7r9jZ1A7qvrK,Holiday Inn,https://www.ticketmaster.com/event/Z7r9jZ1A7qvrK,offsale,2026-11-28,Arts & Theatre,Theatre,Musical,The Tuacahn Amphitheatre,Ivins,UT,US,37.182899000,-113.647797000,,,,Holiday Inn,0,10,,,0,1
Z7r9jZ1A7qvra,Holiday Inn,https://www.ticketmaster.com/event/Z7r9jZ1A7qvra,offsale,2026-11-30,Arts & Theatre,Theatre,Musical,The Tuacahn Amphitheatre,Ivins,UT,US,37.182899000,-113.647797000,,,,Holiday Inn,0,10,,,0,1
Z7r9jZ1A7qvrZ,Holiday Inn,https://www.ticketmaster.com/event/Z7r9jZ1A7qvrZ,offsale,2026-12-01,Arts & Theatre,Theatre,Musical,The Tuacahn Amphitheatre,Ivins,UT,US,37.182899000,-113.647797000,,,,Holiday Inn,0,10,,,0,1
Z7r9jZ1A7qvr9,Holiday Inn,https://www.ticketmaster.com/event/Z7r9jZ1A7qvr9,offsale,2026-12-02,Arts & Theatre,Theatre,Musical,The Tuacahn Amphitheatre,Ivins,UT,US,37.182899000,-113.647797000,,,,Holiday Inn,0,10,,,0,1
Z7r9jZ1A7qvre,Holiday Inn,https://www.ticketmaster.com/event/Z7r9jZ1A7qvre,offsale,2026-12-03,Arts & Theatre,Theatre,Musical,The Tuacahn Amphitheatre,Ivins,UT,US,37.182899000,-113.647797000,,,,Holiday Inn,0,10,,,0,1
Z7r9jZ1A7qvqS,Holiday Inn,https://www.ticketmaster.com/event/Z7r9jZ1A7qvqS,offsale,2026-12-04,Arts & Theatre,Theatre,Musical,The Tuacahn Amphitheatre,Ivins,UT,US,37.182899000,-113.647797000,,,,Holiday Inn,0,10,,,0,1
Z7r9jZ1A7qvrA,Holiday Inn,https://www.ticketmaster.com/event/Z7r9jZ1A7qvrA,offsale,2026-12-05,Arts & Theatre,Theatre,Musical,The Tuacahn Amphitheatre,Ivins,UT,US,37.182899000,-113.647797000,,,,Holiday Inn,0,10,,,0,1
Z7r9jZ1A7qvrp,Holiday Inn,https://www.ticketmaster.com/event/Z7r9jZ1A7qvrp,offsale,2026-12-07,Arts & Theatre,Theatre,Musical,The Tuacahn Amphitheatre,Ivins,UT,US,37.182899000,-113.647797000,,,,Holiday Inn,0,10,,,0,1
Z7r9jZ1A7qvr4,Holiday Inn,https://www.ticketmaster.com/event/Z7r9jZ1A7qvr4,offsale,2026-12-08,Arts & Theatre,Theatre,Musical,The Tuacahn Amphitheatre,Ivins,UT,US,37.182899000,-113.647797000,,,,Holiday Inn,0,10,,,0,1
Z7r9jZ1A7qvrv,Holiday Inn,https://www.ticketmaster.com/event/Z7r9jZ1A7qvrv,offsale,2026-12-09,Arts & Theatre,Theatre,Musical,The Tuacahn Amphitheatre,Ivins,UT,US,37.182899000,-113.647797000,,,,Holiday Inn,0,10,,,0,1
Z7r9jZ1A7qvqg,Holiday Inn,https://www.ticketmaster.com/event/Z7r9jZ1A7qvqg,offsale,2026-12-10,Arts & Theatre,Theatre,Musical,The Tuacahn Amphitheatre,Ivins,UT,US,37.182899000,-113.647797000,,,,Holiday Inn,0,10,,,0,1
Z7r9jZ1A7qvrF,Holiday Inn,https://www.ticketmaster.com/event/Z7r9jZ1A7qvrF,offsale,2026-12-11,Arts & Theatre,Theatre,Musical,The Tuacahn Amphitheatre,Ivins,UT,US,37.182899000,-113.647797000,,,,Holiday Inn,0,10,,,0,1
Z7r9jZ1A7qvqy,Holiday Inn,https://www.ticketmaster.com/event/Z7r9jZ1A7qvqy,offsale,2026-12-12,Arts & Theatre,Theatre,Musical,The Tuacahn Amphitheatre,Ivins,UT,US,37.182899000,-113.647797000,,,,Holiday Inn,0,10,,,0,1
Z7r9jZ1A7qvqw,Holiday Inn,https://www.ticketmaster.com/event/Z7r9jZ1A7qvqw,offsale,2026-12-14,Arts & Theatre,Theatre,Musical,The Tuacahn Amphitheatre,Ivins,UT,US,37.182899000,-113.647797000,,,,Holiday Inn,0,10,,,0,1
Z7r9jZ1A7qvr8,Holiday Inn,https://www.ticketmaster.com/event/Z7r9jZ1A7qvr8,offsale,2026-12-15,Arts & Theatre,Theatre,Musical,The Tuacahn Amphitheatre,Ivins,UT,US,37.182899000,-113.647797000,,,,Holiday Inn,0,10,,,0,1
Z7r9jZ1A7qvqz,Holiday Inn,https://www.ticketmaster.com/event/Z7r9jZ1A7qvqz,offsale,2026-12-16,Arts & Theatre,Theatre,Musical,The Tuacahn Amphitheatre,Ivins,UT,US,37.182899000,-113.647797000,,,,Holiday Inn,0,10,,,0,1
Z7r9jZ1A7qvrk,Holiday Inn,https://www.ticketmaster.com/event/Z7r9jZ1A7qvrk,offsale,2026-12-17,Arts & Theatre,Theatre,Musical,The Tuacahn Amphitheatre,Ivins,UT,US,37.182899000,-113.647797000,,,,Holiday Inn,0,10,,,0,1
Z7r9jZ1A7qvrd,Holiday Inn,https://www.ticketmaster.com/event/Z7r9jZ1A7qvrd,offsale,2026-12-18,Arts & Theatre,Theatre,Musical,The Tuacahn Amphitheatre,Ivins,UT,US,37.182899000,-113.647797000,,,,Holiday Inn,0,10,,,0,1
Z7r9jZ1A7qvqV,Holiday Inn,https://www.ticketmaster.com/event/Z7r9jZ1A7qvqV,offsale,2026-12-19,Arts & Theatre,Theatre,Musical,The Tuacahn Amphitheatre,Ivins,UT,US,37.182899000,-113.647797000,,,,Holiday Inn,0,10,,,0,1
Z7r9jZ1A7qvr6,Holiday Inn,https://www.ticketmaster.com/event/Z7r9jZ1A7qvr6,offsale,2026-12-21,Arts & Theatre,Theatre,Musical,The Tuacahn Amphitheatre,Ivins,UT,US,37.182899000,-113.647797000,,,,Holiday Inn,0,10,,,0,1
Z7r9jZ1A7qvr3,Holiday Inn,https://www.ticketmaster.com/event/Z7r9jZ1A7qvr3,offsale,2026-12-22,Arts & Theatre,Theatre,Musical,The Tuacahn Amphitheatre,Ivins,UT,US,37.182899000,-113.647797000,,,,Holiday Inn,0,10,,,0,1
k7vGFbin06VPf,MET Live in HD: I Puritani,https://www.ticketmaster.com/met-live-in-hd-i-puritani-poughkeepsie-new-york-01-10-2026/event/000062CAA41F4954,onsale,2026-01-10,Film,Music,Music,Bardavon 1869 Opera House,Poughkeepsie,NY,US,41.70304000,-73.92867200,17.0,New York/Tri-State Area,,I Puritani,0,10,,,0,1
vv177ZbUGkmI6D99,THE KING AND I - 2pm - Classic Movie Nights!,https://www.ticketmaster.com/the-king-and-i-2pm-classic-hampton-virginia-02-19-2026/event/0100636BA81FB5D7,onsale,2026-02-19,Film,Music,Music,American Theatre,Hampton,VA,US,37.01706080,-76.32034400,40.0,Virginia,PROMOTED BY VENUE,,0,0,,,0,1
vv177ZbUGkmtd5hz,THE KING AND I - 7pm - Classic Movie Nights!,https://www.ticketmaster.com/the-king-and-i-7pm-classic-hampton-virginia-02-19-2026/event/0100636BA90CB6F8,onsale,2026-02-19,Film,Music,Music,American Theatre,Hampton,VA,US,37.01706080,-76.32034400,40.0,Virginia,PROMOTED BY VENUE,,0,0,,,0,1
vv177ZbUGkRpWX9_,SEVEN BRIDES FOR SEVEN BROTHERS - 7pm - Classic Movie Nights!,https://www.ticketmaster.com/seven-brides-for-seven-brothers-7pm-hampton-virginia-04-16-2026/event/0100636BD6F7E5D9,onsale,2026-04-16,Film,Music,Music,American Theatre,Hampton,VA,US,37.01706080,-76.32034400,40.0,Virginia,PROMOTED BY VENUE,,0,0,,,0,1
vv177ZbUGkRljRhl,AN AMERICAN IN PARIS - 7pm - Classic Movie Nights!,https://www.ticketmaster.com/an-american-in-paris-7pm-classic-hampton-virginia-06-11-2026/event/0100636BEB72F6EB,onsale,2026-06-11,Film,Music,Music,American Theatre,Hampton,VA,US,37.01706080,-76.32034400,40.0,Virginia,PROMOTED BY VENUE,,0,0,,,0,1
vvG1VZbMNGfzmb,Guest Artist Recital: Valentin Kovalev,https://www.ticketmaster.com/guest-artist-recital-valentin-kovalev-tampa-florida-01-13-2026/event/0D006378CC538B98,offsale,2026-01-13,Arts & Theatre,Music,Chamber Music,USF Barness Recital Hall,Tampa,FL,US,28.05460475,-82.41299495,12.0,Tampa,PROMOTED BY VENUE,,0,0,,,0,0
vvG1VZbMNrU_lY,Chamber Winds,https://www.ticketmaster.com/chamber-winds-tampa-florida-03-08-2026/event/0D006378DED99AF0,offsale,2026-03-08,Arts & Theatre,Music,Chamber Music,USF Barness Recital Hall,Tampa,FL,US,28.05460475,-82.41299495,12.0,Tampa,PROMOTED BY VENUE,,0,0,,,0,0
vvG1fZbceHFg5e,Indpls Chamber Orchestra: Gardens Of Spain Feat. Gabriela Martinez,https://www.ticketmaster.com/indpls-chamber-orchestra-gardens-of-spain-indianapolis-indiana-03-21-2026/event/050062D0BC2352C2,onsale,2026-03-21,Arts & Theatre,Music,Chamber Music,Howard L. Schrott Center for the Arts,Indianapolis,IN,US,39.83203125,-86.17658997,24.0,Indianapolis and More,PROMOTED BY VENUE,Indianapolis Chamber Orchestra,0,11,,,0,1
vvG1VZbMN0CaDD,Opera Workshop,https://www.ticketmaster.com/opera-workshop-tampa-florida-04-17-2026/event/0D006378E4389EFB,offsale,2026-04-17,Arts & Theatre,Music,Chamber Music,USF Barness Recital Hall,Tampa,FL,US,28.05460475,-82.41299495,12.0,Tampa,PROMOTED BY VENUE,,0,0,,,0,0
vvG1fZbceT243G,Indpls Chamber Orchestra: American Sound With Dance Kaleidoscope,https://www.ticketmaster.com/indpls-chamber-orchestra-american-sound-with-indianapolis-indiana-04-17-2026/event/050062D0BF3D548C,onsale,2026-04-17,Arts & Theatre,Music,Chamber Music,Howard L. Schrott Center for the Arts,Indianapolis,IN,US,39.83203125,-86.17658997,24.0,Indianapolis and More,PROMOTED BY VENUE,Indianapolis Chamber Orchestra,0,11,,,0,1
vvG1fZbceT2P39,Indpls Chamber Orchestra: American Sound With Dance Kaleidoscope,https://www.ticketmaster.com/indpls-chamber-orchestra-american-sound-with-indianapolis-indiana-04-18-2026/event/050062D0BF3E5497,onsale,2026-04-18,Arts & Theatre,Music,Chamber Music,Howard L. Schrott Center for the Arts,Indianapolis,IN,US,39.83203125,-86.17658997,24.0,Indianapolis and More,PROMOTED BY VENUE,Indianapolis Chamber Orchestra,0,11,,,0,1
vvG1fZbceT8A3Q,Indpls Chamber Orchestra: American Sound With Dance Kaleidoscope,https://www.ticketmaster.com/indpls-chamber-orchestra-american-sound-with-indianapolis-indiana-04-19-2026/event/050062D0BF40549A,onsale,2026-04-19,Arts & Theatre,Music,Chamber Music,Howard L. Schrott Center for the Arts,Indianapolis,IN,US,39.83203125,-86.17658997,24.0,Indianapolis and More,PROMOTED BY VENUE,Indianapolis Chamber Orchestra,0,11,,,0,1
17AOvxG62pP1x_f,A Charlie Brown Christmas Tour Live On Stage,https://www.ticketmaster.com/a-charlie-brown-christmas-tour-live-cincinnati-ohio-11-26-2025/event/160062F5A52A2654,onsale,2025-11-26,Music,Children's Music,Children's Music,Taft Theatre,Cincinnati,OH,US,39.10162100,-84.50722700,40.0,Cincinnati and Dayton,PROMOTED BY VENUE,A Charlie Brown Christmas,0,11,,,0,1
Z7r9jZ1A7_gC4,Charlie Brown Christmas,https://www.ticketmaster.com/event/Z7r9jZ1A7_gC4,onsale,2025-11-29,Arts & Theatre,,,State Theatre-NJ,New Brunswick,NJ,US,40.486099000,-74.447304000,,,,A Charlie Brown Christmas,0,11,,,0,0
Z7r9jZ1A7_gCf,Charlie Brown Christmas,https://www.ticketmaster.com/event/Z7r9jZ1A7_gCf,onsale,2025-11-29,Arts & Theatre,,,State Theatre-NJ,New Brunswick,NJ,US,40.486099000,-74.447304000,,,,A Charlie Brown Christmas,0,11,,,0,0
k7vGFbmrfuvl2,A Charlie Brown Christmas 1:00 PM,https://www.ticketmaster.com/a-charlie-brown-christmas-100-pm-englewood-new-jersey-11-30-2025/event/000062E794341ACF,onsale,2025-11-30,Music,Children's Music,Children's Music,Bergen Performing Arts Center,Englewood,NJ,US,40.89535800,-73.97511000,64.0,New York/Tri-State Area,PROMOTED BY VENUE,A Charlie Brown Christmas,0,11,,,0,1
k7vGFbmrp0-wF,A Charlie Brown Christmas 5:00 PM,https://www.ticketmaster.com/a-charlie-brown-christmas-500-pm-englewood-new-jersey-11-30-2025/event/000062E796921C88,onsale,2025-11-30,Music,Children's Music,Children's Music,Bergen Performing Arts Center,Englewood,NJ,US,40.89535800,-73.97511000,64.0,New York/Tri-State Area,PROMOTED BY VENUE,A Charlie Brown Christmas,0,11,,,0,1
G5vzZbiUrx3hj,CoComelon: Sing-A-Long LIVE,https://www.ticketmaster.com/cocomelon-singalong-live-denver-colorado-12-01-2025/event/1E0062CD9E8926DC,cancelled,2025-12-01,Music,Children's Music,Children's Music,Paramount Theatre,Denver,CO,US,39.74436200,-104.99027100,87.0,Denver and More,AEG LIVE,CoComelon,1,11,,,0,1
G5vzZbiS7BPb8,CoComelon: Sing-A-Long LIVE,https://www.ticketmaster.com/cocomelon-singalong-live-rio-rancho-new-mexico-12-02-2025/event/1E0062CCC4EA5610,cancelled,2025-12-02,Music,Children's Music,Children's Music,Rio Rancho Events Center,Rio Rancho,NM,US,35.30858138,-106.68648899,17.0,El Paso and New Mexico,,CoComelon,1,11,,,0,1
17A8vxG62TclAPI,A Charlie Brown Christmas,https://www.ticketmaster.com/a-charlie-brown-christmas-washington-district-of-columbia-12-03-2025/event/150062FFEDAC5968,onsale,2025-12-03,Music,Children's Music,Children's Music,Lincoln Theatre,Washington,DC,US,38.91740000,-77.02899200,45.0," DC and Maryland""",PROMOTED BY VENUE,A Charlie Brown Christmas,0,11,,,0,1
G5viZbiLE66dv,CoComelon: Sing-A-Long LIVE CANCELLED,https://www.ticketmaster.com/cocomelon-singalong-live-cancelled-baton-rouge-louisiana-12-04-2025/event/1B0062C7E71C70C1,cancelled,2025-12-04,Music,Children's Music,Children's Music,Baton Rouge River Center Theater,Baton Rouge,LA,US,30.44428870,-91.18751170,17.0,New Orleans and More,,CoComelon,1,11,,,0,1
k7vGFbV6rQduU,A Charlie Brown Christmas,https://www.ticketmaster.com/a-charlie-brown-christmas-rochester-new-york-12-04-2025/event/00006341DE683376,onsale,2025-12-04,Music,Children's Music,Children's Music,Kodak Center,Rochester,NY,US,43.20109400,-77.64020980,35.0,Upstate New York,PROMOTED BY TEAM,A Charlie Brown Christmas,0,11,,,0,1
Z7r9jZ1A7rF8K,A CHARLIE BROWN CHRISTMAS with Jeffrey Butzer (18+ Event),https://www.ticketmaster.com/event/Z7r9jZ1A7rF8K,onsale,2025-12-05,Arts & Theatre,,,Saturn - Birmingham,Birmingham,AL,US,33.522202000,-86.769897000,1.0,,,A Charlie Brown Christmas,0,11,,,0,1
Z7r9jZ1A7bEoY,CoComelon Sing A Long Live (Anyone over the age of 2 MUST have a ticket),https://www.ticketmaster.com/event/Z7r9jZ1A7bEoY,onsale,2025-12-06,Music,Children's Music,Children's Music,Majestic Theatre San Antonio,San Antonio,TX,US,29.424801000,-98.488503000,1.0,,,CoComelon,1,11,,,0,0
Z7r9jZ1A7jeQ3,Charlie Brown Christmas,https://www.ticketmaster.com/event/Z7r9jZ1A7jeQ3,onsale,2025-12-07,Arts & Theatre,,,Kuss Auditorium,Springfield,OH,US,39.898102000,-83.856903000,,,,A Charlie Brown Christmas,0,11,,,0,0
vv17jZbYGkUByxT-,A Charlie Brown Christmas Live On Stage,https://www.ticketmaster.com/a-charlie-brown-christmas-live-on-joliet-illinois-12-08-2025/event/0700630DBAE62FE1,onsale,2025-12-08,Music,Children's Music,Children's Music,Rialto Square Theatre,Joliet,IL,US,41.52606010,-88.08157670,31.0,Chicagoland and Northern Il,VENUWORKS CORPORATE,A Charlie Brown Christmas,0,11,,,0,1
vv1aAZkGUxfbKZeua,A Charlie Brown Christmas,https://www.ticketmaster.com/a-charlie-brown-christmas-akron-ohio-12-09-2025/event/05006336894613C8,onsale,2025-12-09,Music,Children's Music,Children's Music,Goodyear Theater,Akron,OH,US,41.06598100,-81.48175400,22.0," Youngstown & More""",PROMOTED BY VENUE,A Charlie Brown Christmas,0,11,,,0,1
k7vGFbRpqFvcC,A Charlie Brown Christmas Tour Live On Stage,https://www.ticketmaster.com/a-charlie-brown-christmas-tour-live-buffalo-new-york-12-10-2025/event/000062F59D201B4E,onsale,2025-12-10,Music,Children's Music,Children's Music,Shea's Performing Arts Center,Buffalo,NY,US,42.89181767,-78.87263371,46.0,Upstate New York,PROMOTED BY VENUE,A Charlie Brown Christmas,0,11,,,0,1
vvG1FZbRpJVwKv,A Charlie Brown Christmas Tour Live On Stage,https://www.ticketmaster.com/a-charlie-brown-christmas-tour-live-reading-pennsylvania-12-11-2025/event/020062F5A6D324C1,onsale,2025-12-11,Music,Children's Music,Children's Music,The Santander Performing Arts Center ,Reading,PA,US,40.33785600,-75.92635700,35.0,Philadelphia,PROMOTED BY VENUE,A Charlie Brown Christmas,0,11,,,0,1
G5vVZbmG5ySwz,A Charlie Brown Christmas,https://www.ticketmaster.com/a-charlie-brown-christmas-uncasville-connecticut-12-12-2025/event/1D0062E30BE73CB8,onsale,2025-12-12,Music,Children's Music,Children's Music,Mohegan Sun Arena,Uncasville,CT,US,41.49159740,-72.09145630,42.0,Boston,PROMOTED BY VENUE,A Charlie Brown Christmas,0,11,,,0,1
G5vVZbmGuQKSg,A Charlie Brown Christmas,https://www.ticketmaster.com/a-charlie-brown-christmas-uncasville-connecticut-12-13-2025/event/1D0062E30D693CF5,onsale,2025-12-13,Music,Children's Music,Children's Music,Mohegan Sun Arena,Uncasville,CT,US,41.49159740,-72.09145630,42.0,Boston,PROMOTED BY VENUE,A Charlie Brown Christmas,0,11,,,0,1
vv1AvZkuvGkePCaNR,A Charlie Brown Christmas: The Music of Vince Guaraldi feat. R4ND4ZZO ,https://www.ticketmaster.com/a-charlie-brown-christmas-the-music-norfolk-virginia-12-14-2025/event/01006341A53898EF,onsale,2025-12-14,Music,Children's Music,Children's Music,Attucks Theatre,Norfolk,VA,US,36.85658760,-76.27900520,19.0,Virginia,,A Charlie Brown Christmas,0,11,,,0,1
G5vYZbRxowvBa,A Charlie Brown Christmas Tour Live On Stage,https://www.ticketmaster.com/a-charlie-brown-christmas-tour-live-stockton-california-12-17-2025/event/1C0062F891C81E89,onsale,2025-12-17,Music,Children's Music,Children's Music,Bob Hope Theatre,Stockton,CA,US,37.95261800,-121.28748800,20.0,N. California/N. Nevada,,A Charlie Brown Christmas,0,11,,,0,1
Z7r9jZ1A7_O4b,Charlie Brown Christmas (Late Show),https://www.ticketmaster.com/event/Z7r9jZ1A7_O4b,onsale,2025-12-19,Arts & Theatre,,,The Novo by Microsoft,Los Angeles,CA,US,34.039700000,-118.266403000,,,,A Charlie Brown Christmas,0,11,,,0,0
Z7r9jZ1A7_xaF,Charlie Brown Christmas (Early Show),https://www.ticketmaster.com/event/Z7r9jZ1A7_xaF,onsale,2025-12-19,Arts & Theatre,,,The Novo by Microsoft,Los Angeles,CA,US,34.039700000,-118.266403000,,,,A Charlie Brown Christmas,0,11,,,0,0
17AYvxG62QsYxgJ,A Charlie Brown Christmas,https://www.ticketmaster.com/a-charlie-brown-christmas-las-vegas-nevada-12-20-2025/event/170062F6B1C22D66,onsale,2025-12-20,Music,Children's Music,Children's Music,Orleans Showroom,Las Vegas,NV,US,36.10224700,-115.20109000,8.0,Las Vegas,,A Charlie Brown Christmas,0,11,,,0,1
17AYvxG62Qsswgz,A Charlie Brown Christmas,https://www.ticketmaster.com/a-charlie-brown-christmas-las-vegas-nevada-12-20-2025/event/170062F6B1C72D78,onsale,2025-12-20,Music,Children's Music,Children's Music,Orleans Showroom,Las Vegas,NV,US,36.10224700,-115.20109000,8.0,Las Vegas,,A Charlie Brown Christmas,0,11,,,0,1
17AYvxG62QswxgB,A Charlie Brown Christmas Live,https://www.ticketmaster.com/a-charlie-brown-christmas-live-las-vegas-nevada-12-21-2025/event/170062F6B1CA2D7A,onsale,2025-12-21,Music,Children's Music,Children's Music,Orleans Showroom,Las Vegas,NV,US,36.10224700,-115.20109000,8.0,Las Vegas,,A Charlie Brown Christmas,0,11,,,0,1
vvG1HZbRQzGdRm,A Charlie Brown Christmas Tour Live On Stage,https://www.ticketmaster.com/a-charlie-brown-christmas-tour-live-tacoma-washington-12-28-2025/event/0F0062F6B8303BEE,onsale,2025-12-28,Music,Children's Music,Children's Music,Pantages Theater,Tacoma,WA,US,47.25492850,-122.44056730,26.0,Seattle Area,PROMOTED BY VENUE,A Charlie Brown Christmas,0,11,,,0,1
Z7r9jZ1A7_0Pv,I Puritani w/ Metropolitan Opera,https://www.ticketmaster.com/event/Z7r9jZ1A7_0Pv,onsale,2025-12-31,Music,Other,Other,Metropolitan Opera House,New York,NY,US,40.776100000,-73.984100000,,,,I Puritani,0,10,,,0,1
Z7r9jZ1A7_0Pe,I Puritani w/ Metropolitan Opera,https://www.ticketmaster.com/event/Z7r9jZ1A7_0Pe,onsale,2026-01-03,Music,Other,Other,Metropolitan Opera House,New York,NY,US,40.776100000,-73.984100000,,,,I Puritani,0,10,,,0,1
Z7r9jZ1A7_0Pd,I Puritani w/ Metropolitan Opera,https://www.ticketmaster.com/event/Z7r9jZ1A7_0Pd,onsale,2026-01-06,Music,Other,Other,Metropolitan Opera House,New York,NY,US,40.776100000,-73.984100000,,,,I Puritani,0,10,,,0,1
Z7r9jZ1A7_0P7,I Puritani w/ Metropolitan Opera,https://www.ticketmaster.com/event/Z7r9jZ1A7_0P7,onsale,2026-01-10,Music,Other,Other,Metropolitan Opera House,New York,NY,US,40.776100000,-73.984100000,,,,I Puritani,0,10,,,0,1
Z7r9jZ1A7_0PA,I Puritani w/ Metropolitan Opera,https://www.ticketmaster.com/event/Z7r9jZ1A7_0PA,onsale,2026-01-15,Music,Other,Other,Metropolitan Opera House,New York,NY,US,40.776100000,-73.984100000,,,,I Puritani,0,10,,,0,1
Z7r9jZ1A7_0Pk,I Puritani w/ Metropolitan Opera,https://www.ticketmaster.com/event/Z7r9jZ1A7_0Pk,onsale,2026-01-18,Music,Other,Other,Metropolitan Opera House,New York,NY,US,40.776100000,-73.984100000,,,,I Puritani,0,10,,,0,1
Z7r9jZ1A7qk7J,Koo Koo,https://www.ticketmaster.com/event/Z7r9jZ1A7qk7J,onsale,2026-01-24,Music,Other,Other,A&R Music Bar,Columbus,OH,US,39.965099000,-83.000000000,,,,Koo Koo,8,11,,,0,0
rZ7HnEZ1Afpojd,Magic Bag Presents: Koo Koo - Camp Spork Tour,https://www.ticketweb.com/event/magic-bag-presents-koo-koo-the-magic-bag-tickets/14591703,onsale,2026-01-25,Music,Children's Music,Children's Music,The Magic Bag,Ferndale,MI,US,42.461839,-83.134773,,,,Koo Koo,8,11,32.32,32.32,0,0
Z7r9jZ1A7qkbb,Koo Koo,https://www.ticketmaster.com/event/Z7r9jZ1A7qkbb,onsale,2026-02-07,Music,Other,Other,The Sinclair Music Hall,Cambridge,MA,US,42.380199000,-71.134697000,,,,Koo Koo,8,11,,,0,1
k7vGFbV5vZSte,Koo Koo,https://www.ticketmaster.com/koo-koo-new-york-new-york-02-08-2026/event/00006342C1033A42,onsale,2026-02-08,Music,Children's Music,Children's Music,Gramercy Theatre,New York,NY,US,40.73975368,-73.98501292,52.0,New York/Tri-State Area,LIVE NATION MUSIC,Koo Koo,8,11,,,0,1
Z7r9jZ1A7rduk,Koo Koo,https://www.ticketmaster.com/event/Z7r9jZ1A7rduk,onsale,2026-02-15,Music,Other,Other,xBk Live,Des Moines,IA,US,41.600700000,-93.683403000,,,,Koo Koo,8,11,,,0,0
vv1AkZkuvGkdQNIEI,Koo Koo,https://www.ticketmaster.com/koo-koo-kansas-city-missouri-02-21-2026/event/06006341DA8E89E8,onsale,2026-02-21,Music,Children's Music,Children's Music,recordBar,Kansas City,MO,US,39.09519595,-94.58133880,18.0,Kansas City and More,MAMMOTH INC,Koo Koo,8,11,,,0,1
vv178ZbVGki5C48c,DJ Raphi's 2026 USA Hype Tour,https://www.ticketmaster.com/dj-raphis-2026-usa-hype-tour-chicago-illinois-03-08-2026/event/0400634B0B39542D,onsale,2026-03-08,Music,Children's Music,Children's Music,Outset,Chicago,IL,US,41.91287000,-87.66340000,19.0,,,DJ Raphi,1,11,,,0,1
vvG1VZbVnItdlz,DJ Raphi's 2026 USA Hype Tour,https://www.ticketmaster.com/dj-raphis-2026-usa-hype-tour-ft-lauderdale-florida-03-09-2026/event/0D00634AA8A43AF8,onsale,2026-03-09,Music,Pop,Electro Pop,Wells Hall at The Parker,Ft Lauderdale,FL,US,26.13424600,-80.13617200,110.0,Miami,PROMOTED BY VENUE,DJ Raphi,1,11,,,0,1
vv1kFZbV0oG7V9-u,DJ Raphi's 2026 USA Hype Tour,https://www.ticketmaster.com/dj-raphis-2026-usa-hype-tour-philadelphia-pennsylvania-03-11-2026/event/0200634911D1784D,onsale,2026-03-11,Music,Children's Music,Children's Music,Brooklyn Bowl Philadelphia,Philadelphia,PA,US,39.96547300,-75.13482900,31.0,Philadelphia,LIVE NATION MUSIC,DJ Raphi,1,11,,,0,1
k7vGFbVl6QJNP,DJ Raphi's 2026 USA Hype Tour,https://www.ticketmaster.com/dj-raphis-2026-usa-hype-tour-new-york-new-york-03-12-2026/event/0000634AC76A68E5,onsale,2026-03-12,Music,Pop,Electro Pop,Gramercy Theatre,New York,NY,US,40.73975368,-73.98501292,52.0,New York/Tri-State Area,LIVE NATION MUSIC,DJ Raphi,1,11,,,0,1
G5vzZbSDvqgxh,Koo Koo - Camp Spork Tour,https://tickets.meowwolf.com/events/denver/koo-koo-camp-spork/,onsale,2026-03-15,Music,Children's Music,Children's Music,Meow Wolf Denver,Denver,CO,US,39.74099000,-105.01558000,18.0,Denver and More,LIVE NATION MUSIC,Koo Koo,8,11,,,0,0
Z7r9jZ1A7jUv8,Koo Koo - Camp Spork Tour,https://www.ticketmaster.com/event/Z7r9jZ1A7jUv8,onsale,2026-03-15,Music,Other,Other,Meow Wolf  Denver Convergence Station,Denver,CO,US,39.735001000,-105.020401000,19.0,,LIVE NATION MUSIC,Koo Koo,8,11,,,0,0
k7vGFbVlULyFX,DJ Raphi's 2026 USA Hype Tour,https://www.ticketmaster.com/dj-raphis-2026-usa-hype-tour-brooklyn-new-york-03-15-2026/event/0000634AF67F923E,onsale,2026-03-15,Music,Pop,Electro Pop,Brooklyn Bowl,Brooklyn,NY,US,40.72192600,-73.95734600,78.0,New York/Tri-State Area,LIVE NATION MUSIC,DJ Raphi,1,11,,,0,1
Z7r9jZ1A7qb-0,DJ Raphi,https://www.ticketmaster.com/event/Z7r9jZ1A7qb-0,onsale,2026-03-16,Music,Children's Music,Children's Music,The Sinclair Music Hall,Cambridge,MA,US,42.380199000,-71.134697000,,,,DJ Raphi,1,11,,,0,1
G5dIZbVnVgJaN,DJ Raphi's 2026 USA Hype Tour,https://www.ticketmaster.com/dj-raphis-2026-usa-hype-tour-houston-texas-03-17-2026/event/3A00634AB4D66263,onsale,2026-03-17,Music,Children's Music,Children's Music,White Oak Music Hall - Downstairs,Houston,TX,US,29.78627000,-95.36562000,50.0,Houston and More,,DJ Raphi,1,11,,,0,1
vvG1zZbRS5t6kt,Pirates Of The Caribbean: Dead Man's Chest - Live With The ASO,https://www.ticketmaster.com/pirates-of-the-caribbean-dead-mans-atlanta-georgia-03-28-2026/event/0E0062FCCBA471A9,onsale,2026-03-28,Arts & Theatre,Classical,Symphonic,Atlanta Symphony Hall,Atlanta,GA,US,33.79009800,-84.38549300,93.0,Atlanta,ATLANTA SYMPHONY,Atlanta Symphony Orchestra,0,10,,,0,1
vvG1zZbRSGqMkX,Pirates Of The Caribbean: Dead Man's Chest - Live With The ASO,https://www.ticketmaster.com/pirates-of-the-caribbean-dead-mans-atlanta-georgia-03-29-2026/event/0E0062FCCC7771BE,onsale,2026-03-29,Arts & Theatre,Classical,Symphonic,Atlanta Symphony Hall,Atlanta,GA,US,33.79009800,-84.38549300,93.0,Atlanta,ATLANTA SYMPHONY,Atlanta Symphony Orchestra,0,10,,,0,1
Z7r9jZ1A7_YJe,Leonidas Kavakos w/ Gil Shaham,https://www.ticketmaster.com/event/Z7r9jZ1A7_YJe,onsale,2026-05-15,Music,Other,Other,Stern Auditorium / Perelman Stage at Carnegie Hall,New York,NY,US,40.765202000,-73.985298000,,,,Leonidas Kavakos,0,10,,,0,0
Z7r9jZ1A74aFa,Joshua Bell w/ Jeremy Denk,https://www.ticketmaster.com/event/Z7r9jZ1A74aFa,onsale,2026-06-03,Music,Classical,Classical/Vocal,Walt Disney Concert Hall,Los Angeles,CA,US,34.003101000,-118.287804000,,,,Joshua Bell,0,11,,,0,1
16d0ZbSepG7ngf4,"Jingle Bell Rock – Reno, NV",https://www.ticketmaster.com/jingle-bell-rock-reno-nv-reno-nevada-11-28-2025/event/3900633096AB5515,onsale,2025-11-28,Music,Holiday,Christmas Music,Eldorado Showroom at Eldorado Casino Reno,Reno,NV,US,39.52895408,-119.81430026,42.0,N. California/N. Nevada,CAESARS ENTERTAINMENT,"Jingle Bell Rock – Reno, NV",2,11,,,0,1
1AyZkubGkdat_wp,Jingle Bell Rock Ticket + Hotel Deals,https://travel.ticketmaster.com/attraction/124058?_uid=01e06df2-8b31-4246-b25c-04d738f89509&utm_source=Caesars_TM&utm_medium=TM_ADP_JingleBellRock,onsale,2025-11-28,Music,Holiday,Christmas Music,Eldorado Showroom at Eldorado Casino Reno,Reno,NV,US,39.52895408,-119.81430026,42.0,N. California/N. Nevada,PROMOTED BY VENUE,"Jingle Bell Rock – Reno, NV",2,11,,,0,0
16d0ZbSepG7iPfq,"Jingle Bell Rock – Reno, NV",https://www.ticketmaster.com/jingle-bell-rock-reno-nv-reno-nevada-11-29-2025/event/3900633096B2551D,onsale,2025-11-29,Music,Holiday,Christmas Music,Eldorado Showroom at Eldorado Casino Reno,Reno,NV,US,39.52895408,-119.81430026,42.0,N. California/N. Nevada,CAESARS ENTERTAINMENT,"Jingle Bell Rock – Reno, NV",2,11,,,0,1
16d0ZbSepG7lgfQ,"Jingle Bell Rock – Reno, NV",https://www.ticketmaster.com/jingle-bell-rock-reno-nv-reno-nevada-11-29-2025/event/3900633096AF551A,onsale,2025-11-29,Music,Holiday,Christmas Music,Eldorado Showroom at Eldorado Casino Reno,Reno,NV,US,39.52895408,-119.81430026,42.0,N. California/N. Nevada,CAESARS ENTERTAINMENT,"Jingle Bell Rock – Reno, NV",2,11,,,0,1
16d0ZbSepG7cAfL,"Jingle Bell Rock – Reno, NV",https://www.ticketmaster.com/jingle-bell-rock-reno-nv-reno-nevada-11-30-2025/event/3900633096B4551F,onsale,2025-11-30,Music,Holiday,Christmas Music,Eldorado Showroom at Eldorado Casino Reno,Reno,NV,US,39.52895408,-119.81430026,42.0,N. California/N. Nevada,CAESARS ENTERTAINMENT,"Jingle Bell Rock – Reno, NV",2,11,,,0,1
16d0ZbSepG7cgfP,"Jingle Bell Rock – Reno, NV",https://www.ticketmaster.com/jingle-bell-rock-reno-nv-reno-nevada-11-30-2025/event/3900633096B75525,onsale,2025-11-30,Music,Holiday,Christmas Music,Eldorado Showroom at Eldorado Casino Reno,Reno,NV,US,39.52895408,-119.81430026,42.0,N. California/N. Nevada,CAESARS ENTERTAINMENT,"Jingle Bell Rock – Reno, NV",2,11,,,0,1
16d0ZbSepG7RAfl,"Jingle Bell Rock – Reno, NV",https://www.ticketmaster.com/jingle-bell-rock-reno-nv-reno-nevada-12-02-2025/event/3900633096BC552B,onsale,2025-12-02,Music,Holiday,Christmas Music,Eldorado Showroom at Eldorado Casino Reno,Reno,NV,US,39.52895408,-119.81430026,42.0,N. California/N. Nevada,CAESARS ENTERTAINMENT,"Jingle Bell Rock – Reno, NV",2,11,,,0,1
G5vzZbmXGn-sd,Christmas with the Celts,https://www.ticketmaster.com/christmas-with-the-celts-denver-colorado-12-02-2025/event/1E0062EF8CAA1C43,onsale,2025-12-02,Music,Holiday,Christmas Music,Paramount Theatre,Denver,CO,US,39.74436200,-104.99027100,87.0,Denver and More,AEG LIVE,Christmas with the Celts,1,11,,,0,1
16d0ZbSepG7RPfm,"Jingle Bell Rock – Reno, NV",https://www.ticketmaster.com/jingle-bell-rock-reno-nv-reno-nevada-12-03-2025/event/3900633096BE552E,onsale,2025-12-03,Music,Holiday,Christmas Music,Eldorado Showroom at Eldorado Casino Reno,Reno,NV,US,39.52895408,-119.81430026,42.0,N. California/N. Nevada,CAESARS ENTERTAINMENT,"Jingle Bell Rock – Reno, NV",2,11,,,0,1
vv17bZbYGkmwaoHi,Christmas with the Celts,https://www.ticketmaster.com/christmas-with-the-celts-des-moines-iowa-12-03-2025/event/0600630BB2251F2C,onsale,2025-12-03,Music,Holiday,Christmas Music,Hoyt Sherman Place,Des Moines,IA,US,41.58864300,-93.63833900,33.0,Iowa,,Christmas with the Celts,1,11,,,0,1
16d0ZbSepG7Y447,"Jingle Bell Rock – Reno, NV",https://www.ticketmaster.com/jingle-bell-rock-reno-nv-reno-nevada-12-04-2025/event/3900633096C15544,onsale,2025-12-04,Music,Holiday,Christmas Music,Eldorado Showroom at Eldorado Casino Reno,Reno,NV,US,39.52895408,-119.81430026,42.0,N. California/N. Nevada,CAESARS ENTERTAINMENT,"Jingle Bell Rock – Reno, NV",2,11,,,0,1
vvG1bZbc2vX4aG,Christmas with Lorie Line 2025,https://www.ticketmaster.com/christmas-with-lorie-line-2025-des-moines-iowa-12-04-2025/event/060062D3C1F9524C,onsale,2025-12-04,Music,Holiday,Christmas Music,Hoyt Sherman Place,Des Moines,IA,US,41.58864300,-93.63833900,33.0,Iowa,,Lorie Line,0,10,,,0,1
16d0ZbSepG7s44G,"Jingle Bell Rock – Reno, NV",https://www.ticketmaster.com/jingle-bell-rock-reno-nv-reno-nevada-12-05-2025/event/3900633096C5554C,onsale,2025-12-05,Music,Holiday,Christmas Music,Eldorado Showroom at Eldorado Casino Reno,Reno,NV,US,39.52895408,-119.81430026,42.0,N. California/N. Nevada,CAESARS ENTERTAINMENT,"Jingle Bell Rock – Reno, NV",2,11,,,0,1
vv17bZbYGkl5Hei1,Christmas with the Celts (Late Show),https://www.ticketmaster.com/christmas-with-the-celts-late-show-kansas-city-missouri-12-05-2025/event/0600630ACBF02B0A,onsale,2025-12-05,Music,Holiday,Christmas Music,Madrid Theatre,Kansas City,MO,US,39.05811700,-94.58639100,7.0,Kansas City and More,MAMMOTH INC,Christmas with the Celts,1,11,,,0,1
vv17bZbYGklG-3Y6,Christmas with the Celts (Early Show),https://www.ticketmaster.com/christmas-with-the-celts-early-show-kansas-city-missouri-12-05-2025/event/0600630ACC852C07,onsale,2025-12-05,Music,Holiday,Christmas Music,Madrid Theatre,Kansas City,MO,US,39.05811700,-94.58639100,7.0,Kansas City and More,MAMMOTH INC,Christmas with the Celts,1,11,,,0,1
vv1AeZkupGkdQLt1J,Christmas In Concert,https://www.ticketmaster.com/christmas-in-concert-atlantic-city-new-jersey-12-05-2025/event/02006356DA7E92A6,onsale,2025-12-05,Music,Holiday,Christmas Music,Music Box at the Borgata,Atlantic City,NJ,US,39.37679700,-74.43536600,31.0,Philadelphia,LIVE NATION MUSIC,Christmas In Concert,0,10,,,0,1
16d0ZbSepG7SA4f,"Jingle Bell Rock – Reno, NV",https://www.ticketmaster.com/jingle-bell-rock-reno-nv-reno-nevada-12-06-2025/event/3900633096CC5554,onsale,2025-12-06,Music,Holiday,Christmas Music,Eldorado Showroom at Eldorado Casino Reno,Reno,NV,US,39.52895408,-119.81430026,42.0,N. California/N. Nevada,CAESARS ENTERTAINMENT,"Jingle Bell Rock – Reno, NV",2,11,,,0,1
16d0ZbSepG7w443,"Jingle Bell Rock – Reno, NV",https://www.ticketmaster.com/jingle-bell-rock-reno-nv-reno-nevada-12-06-2025/event/3900633096C95552,onsale,2025-12-06,Music,Holiday,Christmas Music,Eldorado Showroom at Eldorado Casino Reno,Reno,NV,US,39.52895408,-119.81430026,42.0,N. California/N. Nevada,CAESARS ENTERTAINMENT,"Jingle Bell Rock – Reno, NV",2,11,,,0,1
vvG1bZbc6e76iq,Christmas with Lorie Line,https://www.ticketmaster.com/christmas-with-lorie-line-burnsville-minnesota-12-06-2025/event/060062D1C2107B1D,onsale,2025-12-06,Music,Holiday,Christmas Music,Ames Center,Burnsville,MN,US,44.77407900,-93.27951200,30.0,Minneapolis/St. Paul and More,,Lorie Line,0,10,,,0,1
vvG1fZbRB53sWd,Purdue Christmas Show,https://www.ticketmaster.com/purdue-christmas-show-west-lafayette-indiana-12-06-2025/event/050062FE8B4B1F43,onsale,2025-12-06,Music,Holiday,Christmas Music,Elliott Hall of Music,West Lafayette,IN,US,40.42964930,-86.91217420,8.0,Indianapolis and More,PROMOTED BY VENUE,Purdue Christmas Show,0,10,,,0,1
vvG1fZbRBGK3dh,Purdue Christmas Show,https://www.ticketmaster.com/purdue-christmas-show-west-lafayette-indiana-12-06-2025/event/050062FE8C4D20DB,onsale,2025-12-06,Music,Holiday,Christmas Music,Elliott Hall of Music,West Lafayette,IN,US,40.42964930,-86.91217420,8.0,Indianapolis and More,PROMOTED BY VENUE,Purdue Christmas Show,0,10,,,0,1
